<?xml version="1.0" encoding="UTF-8"?>
<Invoice
	xmlns="urn:oasis:names:specification:ubl:schema:xsd:Invoice-2"
	xmlns:cac="urn:oasis:names:specification:ubl:schema:xsd:CommonAggregateComponents-2"
	xmlns:cec="urn:oasis:names:specification:ubl:schema:xsd:CommonExtensionComponents-2"
	xmlns:cbc="urn:oasis:names:specification:ubl:schema:xsd:CommonBasicComponents-2">
	<cec:UBLExtensions>
		<cec:UBLExtension>
			<cec:ExtensionContent>
				<additionalInformationType
					xmlns:ns3="urn:oasis:names:specification:ubl:schema:xsd:CommonBasicComponents-2"
					xmlns:ns2="urn:sunat:names:specification:ubl:peru:schema:xsd:SunatAggregateComponents-1"
					xmlns=""
					xmlns:ns5="urn:oasis:names:specification:ubl:schema:xsd:Invoice-2">
					<ns2:AdditionalMonetaryTotal>
						<ns3:ID>1001</ns3:ID>
						<ns3:PayableAmount currencyID="PEN">348199.15
						</ns3:PayableAmount>
					</ns2:AdditionalMonetaryTotal>
					<ns2:AdditionalProperty>
						<ns3:ID>1000</ns3:ID>
						<ns3:Value>CUATROCIENTOS VEINTITRES MIL DOSCIENTOS VEINTICINCO Y
							00/100</ns3:Value>
					</ns2:AdditionalProperty>
				</additionalInformationType>
			</cec:ExtensionContent>
		</cec:UBLExtension>
		<cec:UBLExtension>
			<cec:ExtensionContent>
				<signatureType
					xmlns:ns2="http://www.w3.org/2000/09/xmldsig#" xmlns=""
					xmlns:ns5="urn:oasis:names:specification:ubl:schema:xsd:Invoice-2"
					Id="SignatureSP">
					<ns2:SignedInfo>
						<ns2:CanonicalizationMethod
							Algorithm="http://www.w3.org/TR/2001/REC-xml-c14n-20010315" />
						<ns2:SignatureMethod
							Algorithm="http://www.w3.org/2000/09/xmldsig#rsa-sha1" />
						<ns2:Reference URI="">
							<ns2:Transforms>
								<ns2:Transform
									Algorithm="http://www.w3.org/2000/09/xmldsig#enveloped-signature" />
							</ns2:Transforms>
							<ns2:DigestMethod
								Algorithm="http://www.w3.org/2000/09/xmldsig#sha1" />
						</ns2:Reference>
					</ns2:SignedInfo>
					<ns2:SignatureValue />
				</signatureType>
			</cec:ExtensionContent>
		</cec:UBLExtension>
	</cec:UBLExtensions>
	<cbc:UBLVersionID>2.0</cbc:UBLVersionID>
	<cbc:CustomizationID>1.0</cbc:CustomizationID>
	<cbc:ID>F001-4355</cbc:ID>
	<cbc:IssueDate>2018-10-05</cbc:IssueDate>
	<cbc:InvoiceTypeCode>01</cbc:InvoiceTypeCode>
	<cbc:DocumentCurrencyCode>PEN</cbc:DocumentCurrencyCode>
	<cac:Signature>
		<cbc:ID>IDSignSP</cbc:ID>
		<cac:SignatoryParty>
			<cac:PartyIdentification>
				<cbc:ID>20100454523</cbc:ID>
			</cac:PartyIdentification>
			<cac:PartyName>
				<cbc:Name></cbc:Name>
			</cac:PartyName>
		</cac:SignatoryParty>
		<cac:DigitalSignatureAttachment>
			<cac:ExternalReference>
				<cbc:URI>#SignatureSP</cbc:URI>
			</cac:ExternalReference>
		</cac:DigitalSignatureAttachment>
	</cac:Signature>
	<cac:AccountingSupplierParty>
		<cbc:CustomerAssignedAccountID>20100454523
		</cbc:CustomerAssignedAccountID>
		<cbc:AdditionalAccountID>6</cbc:AdditionalAccountID>
		<cac:Party>
			<cac:PostalAddress>
				<cbc:ID></cbc:ID>
				<cbc:StreetName>Av. Los Precursores # 1245</cbc:StreetName>
				<cbc:CitySubdivisionName></cbc:CitySubdivisionName>
				<cbc:CityName>Lima</cbc:CityName>
				<cbc:CountrySubentity>Lima</cbc:CountrySubentity>
				<cbc:District>Lima</cbc:District>
				<cac:Country>
					<cbc:IdentificationCode>PE</cbc:IdentificationCode>
				</cac:Country>
			</cac:PostalAddress>
			<cac:PartyLegalEntity>
				<cbc:RegistrationName>Soporte Tecnológicos EIRL
				</cbc:RegistrationName>
			</cac:PartyLegalEntity>
		</cac:Party>
	</cac:AccountingSupplierParty>
	<cac:AccountingCustomerParty>
		<cbc:CustomerAssignedAccountID>20587896411
		</cbc:CustomerAssignedAccountID>
		<cbc:AdditionalAccountID>6</cbc:AdditionalAccountID>
		<cac:Party>
			<cac:PartyLegalEntity>
				<cbc:RegistrationName>Servicabinas S.A.</cbc:RegistrationName>
			</cac:PartyLegalEntity>
		</cac:Party>
	</cac:AccountingCustomerParty>
	<cac:TaxTotal>
		<cbc:TaxAmount currencyID="PEN">62675.85</cbc:TaxAmount>
		<cac:TaxSubtotal>
			<cbc:TaxAmount currencyID="PEN">62675.85</cbc:TaxAmount>
			<cac:TaxCategory>
				<cac:TaxScheme>
					<cbc:ID>1000</cbc:ID>
					<cbc:Name>IGV</cbc:Name>
					<cbc:TaxTypeCode>VAT</cbc:TaxTypeCode>
				</cac:TaxScheme>
			</cac:TaxCategory>
		</cac:TaxSubtotal>
	</cac:TaxTotal>
	<cac:LegalMonetaryTotal>
		<cbc:PayableAmount currencyID="PEN">423225.00
		</cbc:PayableAmount>
	</cac:LegalMonetaryTotal>
	<cac:InvoiceLine>
		<cbc:ID>1</cbc:ID>
		<cbc:InvoicedQuantity unitCode="ACR">2000
		</cbc:InvoicedQuantity>
		<cbc:LineExtensionAmount currencyID="PEN">149491.53
		</cbc:LineExtensionAmount>
		<cac:PricingReference>
			<cac:AlternativeConditionPrice>
				<cbc:PriceAmount currencyID="PEN">83.05</cbc:PriceAmount>
				<cbc:PriceTypeCode>01</cbc:PriceTypeCode>
			</cac:AlternativeConditionPrice>
		</cac:PricingReference>
		<cac:TaxTotal>
			<cbc:TaxAmount currencyID="PEN">26908.47</cbc:TaxAmount>
			<cac:TaxSubtotal>
				<cbc:TaxableAmount currencyID="PEN">166100.00
				</cbc:TaxableAmount>
				<cbc:TaxAmount currencyID="PEN">26908.47</cbc:TaxAmount>
				<cbc:Percent>18.00</cbc:Percent>
				<cac:TaxCategory>
					<cbc:TaxExemptionReasonCode>10</cbc:TaxExemptionReasonCode>
					<cac:TaxScheme>
						<cbc:ID>1000</cbc:ID>
						<cbc:Name>IGV</cbc:Name>
						<cbc:TaxTypeCode>VAT</cbc:TaxTypeCode>
					</cac:TaxScheme>
				</cac:TaxCategory>
			</cac:TaxSubtotal>
		</cac:TaxTotal>
		<cac:Item>
			<cbc:Description>Grabadora LG Externo Modelo: GE20LU10
			</cbc:Description>
			<cac:SellersItemIdentification>
				<cbc:ID>GLG199</cbc:ID>
			</cac:SellersItemIdentification>
		</cac:Item>
		<cac:Price>
			<cbc:PriceAmount currencyID="PEN">83.05</cbc:PriceAmount>
		</cac:Price>
	</cac:InvoiceLine>
</Invoice>